{
  "marketing_stripe": {
    "text": "Aproveche nuestros descuentos de hasta 50%!!!",
    "link": "/promotion"
  },
  "contacts_stripe": {
    "pages": [
      {
        "title": "Sobre nosotros",
        "link": "/pages/sobre-nos"
      },
      {
        "title": "Esta tienda es un PWA",
        "link": "/posts/esta-loja-e-um-pwa"
      }
    ],
    "phone_wpp": true,
    "socials": true
  },
  "categories_list": {
    "featured": [],
    "random": 6,
    "full_width": false
  },
  "search_input": true
}